month,zip_code,response time
2020-01,10000,92.69796296296296
2020-01,10001,199.97833182161756
2020-01,10002,160.08980137734105
2020-01,10003,179.67724677840857
2020-01,10004,61.906597222222224
2020-01,10005,63.89124172185431
2020-01,10006,132.7814898989899
2020-01,10007,117.5276334208224
2020-01,10009,142.90307086614172
2020-01,10010,279.79260857583773
2020-01,10011,190.42397405802336
2020-01,10012,182.0589161407535
2020-01,10013,136.5624918540241
2020-01,10014,185.2508356417359
2020-01,10016,128.63474959075097
2020-01,10017,308.61217555555555
2020-01,10018,190.6055195325008
2020-01,10019,150.9434705581157
2020-01,10020,498.50425925925924
2020-01,10021,152.06051144196306
2020-01,10022,180.32872658665212
2020-01,10023,152.08756496950411
2020-01,10024,137.75347702183825
2020-01,10025,139.02694444444444
2020-01,10026,143.3866687016687
2020-01,10027,133.1046393034826
2020-01,10028,137.92498749728202
2020-01,10029,107.81826936325164
2020-01,10030,132.66201075015692
2020-01,10031,96.8755940652123
2020-01,10032,135.72236032531825
2020-01,10033,135.0402175469632
2020-01,10034,136.93680961663418
2020-01,10035,124.98860447877652
2020-01,10036,233.7336618705036
2020-01,10037,108.19565982649316
2020-01,10038,81.66637115839244
2020-01,10039,130.8997622119023
2020-01,10040,121.72586615096108
2020-01,10041,335.4262037037037
2020-01,10044,118.57032986111112
2020-01,10045,35.85861111111111
2020-01,10065,183.16593971631207
2020-01,10069,121.90222222222222
2020-01,10075,157.80854215918043
2020-01,10103,38.09034722222222
2020-01,10105,103.34796296296297
2020-01,10110,12.721666666666666
2020-01,10118,437.9333796296296
2020-01,10119,448.7636111111111
2020-01,10120,635.3035416666667
2020-01,10121,443.18600574712644
2020-01,10123,6.735722222222222
2020-01,10128,170.3889121663563
2020-01,10151,2.854722222222222
2020-01,10152,16.92888888888889
2020-01,10154,3.1352777777777776
2020-01,10155,4.200555555555556
2020-01,10162,14.369305555555556
2020-01,10165,357.9757638888889
2020-01,10166,0.44055555555555553
2020-01,10168,799.7796666666666
2020-01,10169,7.814783950617285
2020-01,10170,85.35
2020-01,10171,127.29777777777778
2020-01,10172,16.50138888888889
2020-01,10173,47.89472222222222
2020-01,10177,654.2323611111111
2020-01,10178,108.91324074074073
2020-01,10271,1996.1293055555557
2020-01,10278,307.92284722222223
2020-01,10279,23.529884259259262
2020-01,10280,177.6625664251208
2020-01,10281,328.97020833333335
2020-01,10282,37.062092013888886
2020-01,10301,132.63129015620396
2020-01,10302,192.71846441947565
2020-01,10303,123.03564730639731
2020-01,10304,134.55953978159124
2020-01,10305,114.00584579439253
2020-01,10306,111.44068573797678
2020-01,10307,167.29051553672318
2020-01,10308,127.24980537280702
2020-01,10309,126.48929516622923
2020-01,10310,114.0392653017701
2020-01,10312,112.27048198733175
2020-01,10314,106.50863344629288
2020-01,10451,161.21654425612053
2020-01,10452,188.60243778935185
2020-01,10453,216.2103062157221
2020-01,10454,173.18566872427982
2020-01,10455,143.68070817688778
2020-01,10456,172.13596822541967
2020-01,10457,153.19155394877788
2020-01,10458,200.79336477074872
2020-01,10459,209.152697749942
2020-01,10460,178.17785863977855
2020-01,10461,157.0575061728395
2020-01,10462,148.94559432454037
2020-01,10463,156.97805453506408
2020-01,10464,182.40720064724917
2020-01,10465,132.2992951907131
2020-01,10466,154.5715369166892
2020-01,10467,259.8156367358464
2020-01,10468,202.70013368513634
2020-01,10469,172.15083940642165
2020-01,10470,163.10850557244174
2020-01,10471,73.20744027496056
2020-01,10472,134.98678614328614
2020-01,10473,131.39573498581822
2020-01,10474,277.81290242165244
2020-01,10475,98.70847578347578
2020-01,11001,157.16101666666668
2020-01,11004,425.41927536231884
2020-01,11005,38.17597222222222
2020-01,11040,361.1365025252525
2020-01,11101,133.38987960872836
2020-01,11102,137.8085986319098
2020-01,11103,123.6145156289547
2020-01,11104,165.1937821720025
2020-01,11105,191.9275364667747
2020-01,11106,148.7931345486111
2020-01,11109,135.07050653594771
2020-01,11201,119.58790425261014
2020-01,11203,153.91897563066374
2020-01,11204,135.6433359471533
2020-01,11205,133.89893366918554
2020-01,11206,152.98383110014106
2020-01,11207,155.70041917427037
2020-01,11208,175.85376869271587
2020-01,11209,97.78768489528979
2020-01,11210,158.32565233312408
2020-01,11211,162.13121411947247
2020-01,11212,120.90812715787821
2020-01,11213,125.38095623172515
2020-01,11214,100.72953349118112
2020-01,11215,162.87258626919603
2020-01,11216,126.54165924069432
2020-01,11217,169.7964885138303
2020-01,11218,153.54914974030794
2020-01,11219,139.27003175365567
2020-01,11220,143.05371914800176
2020-01,11221,134.30428466509989
2020-01,11222,171.32329928725977
2020-01,11223,166.11732612703202
2020-01,11224,113.56019636015326
2020-01,11225,103.59575221238937
2020-01,11226,117.32984268537075
2020-01,11228,109.80289639406486
2020-01,11229,157.31906714060034
2020-01,11230,131.60844647421442
2020-01,11231,155.7083960292581
2020-01,11232,120.62329453262787
2020-01,11233,134.56191959180083
2020-01,11234,304.1646410316899
2020-01,11235,152.06635602118143
2020-01,11236,127.51868691032335
2020-01,11237,175.24719053106696
2020-01,11238,150.43519531618134
2020-01,11239,122.26713947990544
2020-01,11242,21.766666666666666
2020-01,11249,160.3358519582801
2020-01,11354,177.38364381153306
2020-01,11355,188.7320168960501
2020-01,11356,90.19490222953216
2020-01,11357,195.35943950177938
2020-01,11358,180.50676399410773
2020-01,11359,0.029583333333333336
2020-01,11360,257.9090884896873
2020-01,11361,216.92337225760795
2020-01,11362,243.40134051962409
2020-01,11363,150.58736944444445
2020-01,11364,230.61516476034856
2020-01,11365,185.8290209222019
2020-01,11366,149.15109534681451
2020-01,11367,213.7178729314421
2020-01,11368,154.1440572267058
2020-01,11369,173.51993897306397
2020-01,11370,131.85390220092296
2020-01,11371,61.614
2020-01,11372,126.68918798665183
2020-01,11373,134.4042104413782
2020-01,11374,195.66959646856156
2020-01,11375,187.23640969857487
2020-01,11377,127.69085234022333
2020-01,11378,117.45203971419076
2020-01,11379,147.384349272671
2020-01,11385,123.46871026180457
2020-01,11411,105.89393966547193
2020-01,11412,158.8928768382353
2020-01,11413,207.25670315635833
2020-01,11414,155.7518326118326
2020-01,11415,106.2963888888889
2020-01,11416,143.24396632693845
2020-01,11417,148.45285679374388
2020-01,11418,194.33212669683257
2020-01,11419,143.10741285986202
2020-01,11420,183.56943485408962
2020-01,11421,99.98258074534161
2020-01,11422,181.51866482040953
2020-01,11423,166.33679916599408
2020-01,11426,218.3581513409962
2020-01,11427,146.672799729821
2020-01,11428,215.8852193521935
2020-01,11429,190.00651697086136
2020-01,11430,695.3250100401606
2020-01,11432,129.16523088793923
2020-01,11433,156.58437364718614
2020-01,11434,189.9147451388889
2020-01,11435,140.05102854582694
2020-01,11436,140.89359692353645
2020-01,11691,189.01923679529284
2020-01,11692,121.02182189542484
2020-01,11693,110.46463148148149
2020-01,11694,184.1261893939394
2020-01,11695,22.66138888888889
2020-01,11697,487.61861111111114
2020-01,12345,2.2509259259259258
2020-02,10000,79.40663194444446
2020-02,10001,265.3464017398181
2020-02,10002,168.47200656727014
2020-02,10003,193.24006699502172
2020-02,10004,121.33602928509904
2020-02,10005,88.96444716775599
2020-02,10006,116.05709967320261
2020-02,10007,141.35973730517847
2020-02,10009,126.55305527915976
2020-02,10010,200.6863144948404
2020-02,10011,208.11379579375847
2020-02,10012,177.14087719298246
2020-02,10013,132.50572792254795
2020-02,10014,138.9622515086972
2020-02,10016,193.58126562194883
2020-02,10017,312.5122057502246
2020-02,10018,317.8057983870968
2020-02,10019,175.52711733289286
2020-02,10020,151.700625
2020-02,10021,166.3033004385965
2020-02,10022,235.15598062475286
2020-02,10023,141.06084726201848
2020-02,10024,163.6489673674989
2020-02,10025,194.71254090297194
2020-02,10026,117.52751895812726
2020-02,10027,129.36506594724221
2020-02,10028,140.31865944689184
2020-02,10029,138.56981627094254
2020-02,10030,92.03717962962963
2020-02,10031,103.71359094982078
2020-02,10032,188.55336938580487
2020-02,10033,149.37320518453427
2020-02,10034,115.93383369856343
2020-02,10035,163.52423755094807
2020-02,10036,241.3460253054101
2020-02,10037,175.99522668153102
2020-02,10038,83.71796121593292
2020-02,10039,147.64126516040687
2020-02,10040,107.84169740077274
2020-02,10044,25.02361111111111
2020-02,10045,144.76000000000002
2020-02,10055,166.79861111111111
2020-02,10065,203.9422280856054
2020-02,10069,93.36195555555555
2020-02,10075,131.78585338949057
2020-02,10103,249.18166666666667
2020-02,10106,1.3
2020-02,10110,474.4212037037037
2020-02,10111,1413.3508333333334
2020-02,10112,408.2559722222222
2020-02,10118,40.20291666666667
2020-02,10119,20.524675925925926
2020-02,10120,10.325000000000001
2020-02,10121,446.75281362007166
2020-02,10122,1151.6479166666666
2020-02,10123,3.009097222222222
2020-02,10128,218.1679725146199
2020-02,10152,22.036527777777778
2020-02,10155,1520.8005555555555
2020-02,10158,1570.8972222222221
2020-02,10165,4.387083333333333
2020-02,10168,332.63048611111117
2020-02,10169,2.4086805555555553
2020-02,10170,2.7672222222222222
2020-02,10172,113.26805555555555
2020-02,10176,196.56666666666666
2020-02,10179,698.220324074074
2020-02,10271,0.4211111111111111
2020-02,10278,4.19212962962963
2020-02,10279,195.4775
2020-02,10280,158.62678743961354
2020-02,10281,449.1543981481482
2020-02,10282,138.86186274509805
2020-02,10301,139.2882786885246
2020-02,10302,173.00690305371597
2020-02,10303,131.6086453470277
2020-02,10304,144.22186800894855
2020-02,10305,93.65756158873806
2020-02,10306,116.8524468161564
2020-02,10307,147.07217592592593
2020-02,10308,110.61316373303995
2020-02,10309,144.3827973856209
2020-02,10310,103.3562390530925
2020-02,10312,149.32389202319385
2020-02,10314,154.6543760862009
2020-02,10451,166.97580942260007
2020-02,10452,184.6131980004877
2020-02,10453,148.7830114275668
2020-02,10454,141.65861627906975
2020-02,10455,152.4079712084347
2020-02,10456,174.08338304289543
2020-02,10457,125.11375422846734
2020-02,10458,153.9962418506835
2020-02,10459,219.56503886602653
2020-02,10460,156.04592221293976
2020-02,10461,160.62282204945473
2020-02,10462,136.8522682078051
2020-02,10463,113.60379047619048
2020-02,10464,213.09129960317458
2020-02,10465,139.37108199694538
2020-02,10466,162.73267361111112
2020-02,10467,178.8523678383227
2020-02,10468,148.17035076923077
2020-02,10469,170.5059999390838
2020-02,10470,175.03393336249636
2020-02,10471,91.07882819794584
2020-02,10472,140.1842115551694
2020-02,10473,102.7400408496732
2020-02,10474,219.25434093789607
2020-02,10475,187.21791378515445
2020-02,11001,262.24340740740746
2020-02,11004,589.2995692431562
2020-02,11040,356.34457516339864
2020-02,11101,129.55678851978044
2020-02,11102,93.95001549666821
2020-02,11103,92.8844483348895
2020-02,11104,150.37359949982135
2020-02,11105,132.13695603864733
2020-02,11106,116.18554923136799
2020-02,11109,69.73763071895425
2020-02,11201,170.33238377007606
2020-02,11203,181.68920697674417
2020-02,11204,166.63220430921385
2020-02,11205,120.04539040404042
2020-02,11206,141.44631125356125
2020-02,11207,165.68064282374942
2020-02,11208,179.7796744963491
2020-02,11209,80.76110880749444
2020-02,11210,170.24577372685187
2020-02,11211,125.48932032590052
2020-02,11212,172.68030307452813
2020-02,11213,134.00475665748394
2020-02,11214,98.36658339994672
2020-02,11215,170.40095362857787
2020-02,11216,120.58511211832061
2020-02,11217,190.5175789141414
2020-02,11218,164.81029761904762
2020-02,11219,167.88435459452342
2020-02,11220,126.01270510335917
2020-02,11221,117.80352054848342
2020-02,11222,195.56913994278833
2020-02,11223,123.04680636641648
2020-02,11224,162.0411464354528
2020-02,11225,135.44705327868851
2020-02,11226,129.09989588281869
2020-02,11228,153.0346558191403
2020-02,11229,168.9742441077441
2020-02,11230,140.7345456846368
2020-02,11231,160.07857745726497
2020-02,11232,104.49150866986082
2020-02,11233,149.07410634920635
2020-02,11234,225.15338398937052
2020-02,11235,174.2525447934846
2020-02,11236,185.73754742547425
2020-02,11237,221.0507989104406
2020-02,11238,115.93359122195405
2020-02,11239,108.94074652777779
2020-02,11241,69.5425
2020-02,11242,24.95
2020-02,11249,173.87236268581506
2020-02,11251,1114.4695833333333
2020-02,11354,186.69657617248978
2020-02,11355,181.10245397381044
2020-02,11356,150.7072865309039
2020-02,11357,218.14928069606572
2020-02,11358,192.7905967271211
2020-02,11359,3622.8547222222223
2020-02,11360,192.04201077943617
2020-02,11361,201.93845427590514
2020-02,11362,240.09636026936028
2020-02,11363,346.5840998931624
2020-02,11364,176.95203370036702
2020-02,11365,103.89580875628715
2020-02,11366,71.25090058479533
2020-02,11367,186.1954046997389
2020-02,11368,155.20962804328224
2020-02,11369,227.88213679453264
2020-02,11370,172.1120673076923
2020-02,11371,12.16986111111111
2020-02,11372,129.99547254150704
2020-02,11373,115.36922740030973
2020-02,11374,165.38811172065482
2020-02,11375,138.44799335678
2020-02,11377,137.05260156971374
2020-02,11378,137.01061562385658
2020-02,11379,193.54861548174048
2020-02,11385,107.61516028368794
2020-02,11411,240.35850365797896
2020-02,11412,168.6224504950495
2020-02,11413,195.86322390572388
2020-02,11414,239.15561148396722
2020-02,11415,138.6207562785388
2020-02,11416,139.25857427869857
2020-02,11417,185.46424380238986
2020-02,11418,160.6071388412426
2020-02,11419,156.85918344519015
2020-02,11420,236.75940068493148
2020-02,11421,163.13733227745288
2020-02,11422,163.9563402543958
2020-02,11423,196.9100883517105
2020-02,11426,232.73348901098902
2020-02,11427,274.96655910165487
2020-02,11428,177.9257616066771
2020-02,11429,192.87681513409962
2020-02,11430,898.1310945463813
2020-02,11432,197.32080920871243
2020-02,11433,154.99234920634922
2020-02,11434,198.546498835008
2020-02,11435,151.0133708140675
2020-02,11436,186.34568512602058
2020-02,11691,150.57984332533974
2020-02,11692,155.8711235257604
2020-02,11693,254.16570085470084
2020-02,11694,220.59691657054978
2020-02,11697,1.0166666666666666
2020-02,12345,18.609055555555557
2020-03,10000,6.736527777777779
2020-03,10001,144.34519412269412
2020-03,10002,154.32529613014322
2020-03,10003,210.6567784886264
2020-03,10004,182.3315341488277
2020-03,10005,223.97211397058823
2020-03,10006,281.9973686868687
2020-03,10007,109.07246224379719
2020-03,10009,190.39271112865035
2020-03,10010,95.56694727409922
2020-03,10011,185.92295537340618
2020-03,10012,245.20456918456918
2020-03,10013,176.91811617806732
2020-03,10014,289.24847620385987
2020-03,10016,146.59373665480427
2020-03,10017,294.3221727693603
2020-03,10018,276.7648300773301
2020-03,10019,180.7069462870831
2020-03,10020,202.4851495726496
2020-03,10021,285.62080853174604
2020-03,10022,182.73810254580061
2020-03,10023,175.44167325275066
2020-03,10024,205.98028702302906
2020-03,10025,223.3972984364081
2020-03,10026,187.88281138687807
2020-03,10027,227.4895769789397
2020-03,10028,181.2810454204204
2020-03,10029,164.84638380899602
2020-03,10030,366.2424886877828
2020-03,10031,262.9938257831868
2020-03,10032,215.01592739564964
2020-03,10033,249.66884000721498
2020-03,10034,247.42990352080477
2020-03,10035,251.47896810173344
2020-03,10036,230.32261845644527
2020-03,10037,266.17221108766995
2020-03,10038,104.53285264483628
2020-03,10039,208.34208534621578
2020-03,10040,192.3028828828829
2020-03,10041,24.711388888888887
2020-03,10044,356.1059188034188
2020-03,10065,182.67212429378532
2020-03,10069,162.19824074074074
2020-03,10075,361.91727578068264
2020-03,10103,0.35944444444444446
2020-03,10105,573.2024305555556
2020-03,10106,60.31666666666666
2020-03,10107,23.487142857142857
2020-03,10111,1.2661111111111112
2020-03,10115,171.98694444444445
2020-03,10118,30.24361111111111
2020-03,10119,22.578125000000004
2020-03,10120,78.9462962962963
2020-03,10121,566.1737847222222
2020-03,10122,89.16388888888889
2020-03,10128,210.80089218033115
2020-03,10152,1198.1
2020-03,10154,593.5290277777779
2020-03,10155,35.92625
2020-03,10158,24.0
2020-03,10162,10.61088888888889
2020-03,10168,360.5561666666666
2020-03,10169,17.746219512195122
2020-03,10171,23.333333333333332
2020-03,10172,25.975925925925925
2020-03,10174,411.5179166666667
2020-03,10176,91.41064814814814
2020-03,10177,52.863055555555555
2020-03,10178,2243.2805555555556
2020-03,10271,751.6545833333333
2020-03,10278,15.392777777777777
2020-03,10280,197.94969246031746
2020-03,10281,646.3384722222222
2020-03,10282,84.44439814814815
2020-03,10301,188.12317588685733
2020-03,10302,371.8372911522634
2020-03,10303,184.4568853255588
2020-03,10304,259.0967394636015
2020-03,10305,122.20306083399313
2020-03,10306,145.6791742171356
2020-03,10307,136.19174691358026
2020-03,10308,158.84713683127572
2020-03,10309,181.67383477633476
2020-03,10310,178.46718518518517
2020-03,10312,200.15429352580927
2020-03,10314,151.60811470710863
2020-03,10451,365.4932370437588
2020-03,10452,385.4217946449635
2020-03,10453,276.7127944662799
2020-03,10454,210.34782195594286
2020-03,10455,166.54950990367658
2020-03,10456,240.9243083072645
2020-03,10457,232.28119407754582
2020-03,10458,228.30230295876612
2020-03,10459,321.7494072657744
2020-03,10460,295.96916009463723
2020-03,10461,209.273312584293
2020-03,10462,182.54982424699745
2020-03,10463,130.2771022630594
2020-03,10464,89.45462152777777
2020-03,10465,85.2588938697318
2020-03,10466,251.445125890622
2020-03,10467,299.29403443683407
2020-03,10468,214.94391046897206
2020-03,10469,174.14631694412185
2020-03,10470,278.0231576797386
2020-03,10471,114.90263412489007
2020-03,10472,265.27107771260995
2020-03,10473,148.61176610589462
2020-03,10474,299.33121828521433
2020-03,10475,197.355552054155
2020-03,11001,37.64832655826559
2020-03,11004,108.17493743743744
2020-03,11005,9.550555555555556
2020-03,11040,108.9501923076923
2020-03,11101,156.84841354875283
2020-03,11102,162.5636408247794
2020-03,11103,120.5520781032078
2020-03,11104,128.82629188712522
2020-03,11105,168.66767680576504
2020-03,11106,172.52196425560615
2020-03,11109,254.44951388888884
2020-03,11201,140.65714146721152
2020-03,11203,188.17983082528866
2020-03,11204,124.51858964646465
2020-03,11205,177.72123246650906
2020-03,11206,195.53097112704103
2020-03,11207,229.0223763873301
2020-03,11208,205.98817764723947
2020-03,11209,171.0459001147165
2020-03,11210,237.7828591557396
2020-03,11211,213.97550435729846
2020-03,11212,195.84833204930663
2020-03,11213,228.2080582564614
2020-03,11214,154.75205555555556
2020-03,11215,138.67657227615967
2020-03,11216,219.78198409366547
2020-03,11217,167.31873372781064
2020-03,11218,158.81755490665867
2020-03,11219,167.06397649332834
2020-03,11220,139.79183212754555
2020-03,11221,150.251848850097
2020-03,11222,197.5298399359744
2020-03,11223,185.71005282738093
2020-03,11224,123.00670998980632
2020-03,11225,202.8701849973706
2020-03,11226,198.9820093299406
2020-03,11228,153.45999393939394
2020-03,11229,160.55560883140052
2020-03,11230,173.62525317460316
2020-03,11231,157.88155195473252
2020-03,11232,149.78709799530816
2020-03,11233,248.91192191601047
2020-03,11234,204.15330845430478
2020-03,11235,154.35395988640397
2020-03,11236,175.33014004736896
2020-03,11237,217.40429852627497
2020-03,11238,164.54240840436668
2020-03,11239,142.06900793650794
2020-03,11241,11.950173611111111
2020-03,11242,2275.8258333333333
2020-03,11249,122.70090085942297
2020-03,11251,1.0716666666666668
2020-03,11354,182.7291837159015
2020-03,11355,218.0539598729418
2020-03,11356,111.34718270332188
2020-03,11357,251.5180593532986
2020-03,11358,236.4665421075838
2020-03,11360,292.12127018043685
2020-03,11361,220.1977777777778
2020-03,11362,219.15655172413793
2020-03,11363,587.3963035019456
2020-03,11364,239.1188253968254
2020-03,11365,192.73839774557166
2020-03,11366,88.70494901848676
2020-03,11367,169.1581707463403
2020-03,11368,194.98562581153774
2020-03,11369,226.209589093702
2020-03,11370,238.27106267806266
2020-03,11371,0.043333333333333335
2020-03,11372,115.88312997107737
2020-03,11373,176.35095796130952
2020-03,11374,168.34611232765613
2020-03,11375,159.04553328092246
2020-03,11377,164.357273460258
2020-03,11378,119.98882431606297
2020-03,11379,159.43369025735296
2020-03,11385,125.04331928480205
2020-03,11411,149.27311415846225
2020-03,11412,273.62040312421266
2020-03,11413,138.1318670108161
2020-03,11414,127.19931024774775
2020-03,11415,175.8792013888889
2020-03,11416,106.54738232631817
2020-03,11417,210.2927275183744
2020-03,11418,166.95234145299148
2020-03,11419,125.32376424842867
2020-03,11420,224.37350344530577
2020-03,11421,141.55145306740388
2020-03,11422,178.17881357589985
2020-03,11423,225.48257598784195
2020-03,11426,253.66647280092593
2020-03,11427,170.73489436619718
2020-03,11428,229.30322179322178
2020-03,11429,128.0594489981785
2020-03,11430,645.2259600862999
2020-03,11432,186.2584197380856
2020-03,11433,199.07861785533638
2020-03,11434,195.65458384583846
2020-03,11435,177.49960513665707
2020-03,11436,247.57079958463137
2020-03,11691,333.3302067747298
2020-03,11692,231.05159626216076
2020-03,11693,280.4051513815403
2020-03,11694,208.00392279603545
2020-03,11697,20.304513888888888
2020-03,12345,5.338888888888889
2020-04,83,1.1994444444444445
2020-04,10000,0.8078073286052009
2020-04,10001,61.01516581360631
2020-04,10002,95.82655609973285
2020-04,10003,84.91730599647266
2020-04,10004,147.94821428571427
2020-04,10005,37.626150284900284
2020-04,10006,72.18188725490197
2020-04,10007,107.25170662100456
2020-04,10009,55.44992499064721
2020-04,10010,62.9395559251047
2020-04,10011,91.7961802100608
2020-04,10012,68.34271739130435
2020-04,10013,102.50315396825397
2020-04,10014,92.73400032776138
2020-04,10016,88.29937355524734
2020-04,10017,70.15184439736346
2020-04,10018,56.18514576457646
2020-04,10019,71.78191631992603
2020-04,10020,0.5025000000000001
2020-04,10021,125.26031671159029
2020-04,10022,142.69533635676493
2020-04,10023,91.56074934223842
2020-04,10024,130.49027398558968
2020-04,10025,141.08003612785913
2020-04,10026,110.50055955014749
2020-04,10027,119.36320423154746
2020-04,10028,71.67224704267005
2020-04,10029,130.8439533229894
2020-04,10030,127.25837609649122
2020-04,10031,160.17915521191293
2020-04,10032,154.8380704775023
2020-04,10033,197.87096573846574
2020-04,10034,103.68926341360373
2020-04,10035,184.45811626844235
2020-04,10036,100.54962297264585
2020-04,10037,65.58822359396433
2020-04,10038,74.15972052327557
2020-04,10039,147.65099603718946
2020-04,10040,123.00358792352829
2020-04,10041,0.055
2020-04,10044,107.4447052154195
2020-04,10045,0.15694444444444444
2020-04,10065,59.580489510489514
2020-04,10069,183.11585470085473
2020-04,10075,311.3463411789652
2020-04,10105,0.12472222222222222
2020-04,10106,0.6466666666666666
2020-04,10111,10.039814814814815
2020-04,10112,43.39333333333334
2020-04,10119,0.8402777777777778
2020-04,10120,3.267638888888889
2020-04,10121,14.25634259259259
2020-04,10123,0.05333333333333334
2020-04,10128,71.67374669916718
2020-04,10155,1.2891666666666666
2020-04,10162,0.44125000000000003
2020-04,10165,0.5296296296296297
2020-04,10168,1.0964444444444443
2020-04,10169,4.339888888888889
2020-04,10170,0.1688888888888889
2020-04,10173,0.44
2020-04,10174,4.883611111111111
2020-04,10278,17.538388888888893
2020-04,10279,0.21375
2020-04,10280,18.765354938271606
2020-04,10281,533.8083333333334
2020-04,10282,49.82240497076023
2020-04,10301,91.96867167577413
2020-04,10302,113.22526175213675
2020-04,10303,147.64638166345534
2020-04,10304,228.90799965059398
2020-04,10305,136.8134885867741
2020-04,10306,83.76530357927096
2020-04,10307,98.62508145363408
2020-04,10308,66.92489021956088
2020-04,10309,99.80292687255947
2020-04,10310,201.87400920542635
2020-04,10312,89.29919608337535
2020-04,10314,104.60098870056497
2020-04,10451,121.50387606837606
2020-04,10452,128.91399725582437
2020-04,10453,182.18536605461392
2020-04,10454,124.15468546308928
2020-04,10455,117.03754314350192
2020-04,10456,154.02855039637598
2020-04,10457,146.13522728551337
2020-04,10458,160.08410366739287
2020-04,10459,195.08574557004349
2020-04,10460,162.11971557328604
2020-04,10461,139.66800209435627
2020-04,10462,113.27068361188486
2020-04,10463,90.50874335704358
2020-04,10464,66.88985334713595
2020-04,10465,78.47204194834461
2020-04,10466,42.932881569866694
2020-04,10467,148.08062660230186
2020-04,10468,114.87920709253922
2020-04,10469,174.04830881226053
2020-04,10470,113.35902345998849
2020-04,10471,72.70331069313828
2020-04,10472,182.54088094510644
2020-04,10473,84.49230573951435
2020-04,10474,174.08082311408398
2020-04,10475,118.47235772357723
2020-04,11001,26.302866666666663
2020-04,11004,102.45101587301588
2020-04,11005,7.938611111111111
2020-04,11040,153.26935185185187
2020-04,11101,60.97018153458117
2020-04,11102,84.60550958877027
2020-04,11103,99.51555606711683
2020-04,11104,75.05808673469387
2020-04,11105,65.69871181088922
2020-04,11106,117.9709861355204
2020-04,11109,1.930763888888889
2020-04,11201,77.8066362471982
2020-04,11203,152.4396519308943
2020-04,11204,77.6132130740337
2020-04,11205,163.130733251634
2020-04,11206,109.4464818367869
2020-04,11207,156.26483861566484
2020-04,11208,190.76948106626807
2020-04,11209,61.976596385542166
2020-04,11210,133.0676879910213
2020-04,11211,93.23728851315083
2020-04,11212,181.1362594947889
2020-04,11213,148.85375084614643
2020-04,11214,95.33725443233124
2020-04,11215,130.06071901849424
2020-04,11216,139.98861845556604
2020-04,11217,99.34491877104377
2020-04,11218,86.83503713606655
2020-04,11219,102.8027591540404
2020-04,11220,107.07841133147762
2020-04,11221,139.65176640859315
2020-04,11222,96.3489211469534
2020-04,11223,112.55273441427853
2020-04,11224,130.26672877145438
2020-04,11225,171.02780171523042
2020-04,11226,172.21455914870094
2020-04,11228,112.04790748162992
2020-04,11229,149.573859755394
2020-04,11230,136.65474376604328
2020-04,11231,160.12416597048178
2020-04,11232,141.95286939159033
2020-04,11233,190.19879476161245
2020-04,11234,85.49181599396891
2020-04,11235,161.55038002897584
2020-04,11236,165.1285598179454
2020-04,11237,98.89885297326786
2020-04,11238,135.67732393928083
2020-04,11239,125.78706807964032
2020-04,11241,1.2361111111111112
2020-04,11249,102.66147606593755
2020-04,11251,1.27125
2020-04,11354,175.0314529538341
2020-04,11355,194.04591671689772
2020-04,11356,109.61726619207147
2020-04,11357,182.78401022419317
2020-04,11358,185.062948005698
2020-04,11359,1.4238071895424838
2020-04,11360,327.64499908324166
2020-04,11361,150.42189054726367
2020-04,11362,107.90530701754385
2020-04,11363,101.5773312236287
2020-04,11364,164.32703950147865
2020-04,11365,108.1415591931217
2020-04,11366,36.009531538664554
2020-04,11367,141.3206894243641
2020-04,11368,64.68978353483017
2020-04,11369,198.54015755919852
2020-04,11370,49.47798734677738
2020-04,11371,171.44500000000002
2020-04,11372,117.92959067763415
2020-04,11373,137.8447322065326
2020-04,11374,97.24435469211542
2020-04,11375,141.78027817919076
2020-04,11377,102.35458529688972
2020-04,11378,127.10784632034633
2020-04,11379,101.9477321524423
2020-04,11385,100.97191464773043
2020-04,11411,62.90654654654655
2020-04,11412,162.5590175189394
2020-04,11413,116.9684781144781
2020-04,11414,103.57945301783265
2020-04,11415,115.60977488641058
2020-04,11416,120.68429390681004
2020-04,11417,170.74130779848173
2020-04,11418,194.52878119114877
2020-04,11419,123.48457961972667
2020-04,11420,171.27049254358326
2020-04,11421,182.84228313840157
2020-04,11422,215.12188137412772
2020-04,11423,164.33667083333333
2020-04,11426,157.78366739288307
2020-04,11427,74.1074418328585
2020-04,11428,138.79724717232202
2020-04,11429,146.46611576011156
2020-04,11430,112.83195707070708
2020-04,11432,235.07038907753255
2020-04,11433,165.14367759347024
2020-04,11434,165.787382996633
2020-04,11435,109.68523738198982
2020-04,11436,146.875425
2020-04,11691,239.292521893815
2020-04,11692,193.40246666666667
2020-04,11693,207.92504354354352
2020-04,11694,140.54781670205236
2020-04,11695,185.52522569444446
2020-04,11697,137.69102490421454
2020-05,83,0.2654166666666667
2020-05,10000,7.164407407407408
2020-05,10001,61.424549707602345
2020-05,10002,58.52108269476373
2020-05,10003,63.17473901684794
2020-05,10004,68.59063806380638
2020-05,10005,133.5454096045198
2020-05,10006,75.4491372053872
2020-05,10007,49.266996527777785
2020-05,10009,36.47488858468325
2020-05,10010,75.47802792847096
2020-05,10011,85.09080813953489
2020-05,10012,121.30287234042552
2020-05,10013,45.54746577380953
2020-05,10014,61.33694010416667
2020-05,10016,58.685448010121924
2020-05,10017,45.64721753003003
2020-05,10018,66.67734389348026
2020-05,10019,42.336495997184834
2020-05,10020,0.48305555555555557
2020-05,10021,123.86554099697182
2020-05,10022,107.44680796055796
2020-05,10023,44.79725945393488
2020-05,10024,84.42528457772339
2020-05,10025,68.4180385084697
2020-05,10026,91.17643737443981
2020-05,10027,70.56116837509491
2020-05,10028,63.7115091503268
2020-05,10029,93.17361853038936
2020-05,10030,126.85038140190971
2020-05,10031,76.71767183303747
2020-05,10032,84.35386123577678
2020-05,10033,81.80914853626082
2020-05,10034,42.17960096687272
2020-05,10035,105.47421372045771
2020-05,10036,51.943140625
2020-05,10037,75.30734791352438
2020-05,10038,30.545779640587334
2020-05,10039,104.26500528212777
2020-05,10040,38.204716252140216
2020-05,10044,15.033315972222221
2020-05,10045,1.0094444444444444
2020-05,10065,69.07512411347517
2020-05,10069,74.26298387096774
2020-05,10075,147.80612401335762
2020-05,10103,0.021111111111111112
2020-05,10105,2.05375
2020-05,10107,21.411527777777778
2020-05,10111,0.0575
2020-05,10115,352.6045833333334
2020-05,10118,635.2755555555556
2020-05,10119,7.911277777777778
2020-05,10120,0.14319444444444443
2020-05,10121,0.21652777777777776
2020-05,10122,0.32472222222222225
2020-05,10128,83.80738316993464
2020-05,10162,18.494027777777777
2020-05,10165,971.1036111111111
2020-05,10166,0.04027777777777778
2020-05,10168,0.16583333333333333
2020-05,10169,8.964496527777778
2020-05,10171,33.09097222222222
2020-05,10173,18.0
2020-05,10174,0.09944444444444445
2020-05,10177,0.555
2020-05,10278,84.51513888888888
2020-05,10279,0.32375
2020-05,10280,3.957354166666667
2020-05,10281,20.830092592592592
2020-05,10282,9.238967592592592
2020-05,10301,85.6360639668973
2020-05,10302,197.22330974842765
2020-05,10303,96.97678587494377
2020-05,10304,142.56759035244923
2020-05,10305,131.3050864639237
2020-05,10306,112.27787165281626
2020-05,10307,59.60556857638889
2020-05,10308,106.17947831978319
2020-05,10309,112.75802590171871
2020-05,10310,64.67035417931594
2020-05,10312,109.94623889572229
2020-05,10314,114.77465325295971
2020-05,10451,78.06016350323452
2020-05,10452,83.3286758254638
2020-05,10453,97.1764947971472
2020-05,10454,88.48173739571997
2020-05,10455,103.14761087768441
2020-05,10456,91.36781529698942
2020-05,10457,69.0521408089345
2020-05,10458,124.147078469022
2020-05,10459,107.55271206690561
2020-05,10460,107.37226520613791
2020-05,10461,61.01272951287064
2020-05,10462,77.91028698855924
2020-05,10463,63.93684031281534
2020-05,10464,85.74971276595744
2020-05,10465,91.98545034055098
2020-05,10466,23.87151615572274
2020-05,10467,114.51496208081525
2020-05,10468,87.89309658421674
2020-05,10469,136.3422540678754
2020-05,10470,92.15360140237324
2020-05,10471,78.9387591413069
2020-05,10472,96.61492925143455
2020-05,10473,63.457526986445906
2020-05,10474,113.23528357487922
2020-05,10475,131.20487088005436
2020-05,11001,81.1732264957265
2020-05,11004,203.26846726190476
2020-05,11005,0.42727777777777776
2020-05,11040,173.30672413793104
2020-05,11101,65.37132168123179
2020-05,11102,74.23763408636853
2020-05,11103,62.536706541653196
2020-05,11104,92.44738984674329
2020-05,11105,77.12824934175883
2020-05,11106,67.87532901056676
2020-05,11109,3.2929211469534048
2020-05,11201,51.966570569433934
2020-05,11203,160.77257292445773
2020-05,11204,80.26770712655784
2020-05,11205,111.08507948545108
2020-05,11206,59.10088661338661
2020-05,11207,132.58938283407693
2020-05,11208,101.41862458489848
2020-05,11209,82.92308727344366
2020-05,11210,109.13516435414601
2020-05,11211,79.74544349639743
2020-05,11212,143.5112152347515
2020-05,11213,121.33776605504588
2020-05,11214,97.46843999062354
2020-05,11215,95.38324600953565
2020-05,11216,110.7285041941694
2020-05,11217,83.42314270152505
2020-05,11218,100.16512956825923
2020-05,11219,97.25986726874659
2020-05,11220,82.46288983120289
2020-05,11221,83.59447762116716
2020-05,11222,66.66922839506172
2020-05,11223,115.10867626262626
2020-05,11224,105.47575841219768
2020-05,11225,96.7583146875734
2020-05,11226,94.27119521511861
2020-05,11228,78.78230917205293
2020-05,11229,150.8251001480248
2020-05,11230,133.55058730729291
2020-05,11231,143.98084588644264
2020-05,11232,109.93748735320686
2020-05,11233,112.49136360670713
2020-05,11234,90.3694611975789
2020-05,11235,90.12743785627512
2020-05,11236,133.40454655812624
2020-05,11237,81.79881552317345
2020-05,11238,87.12688508867173
2020-05,11239,110.93585304659499
2020-05,11241,65.62916666666666
2020-05,11249,50.36727596741344
2020-05,11251,2.5556944444444447
2020-05,11354,117.7425243993994
2020-05,11355,229.11716282543745
2020-05,11356,84.39655952380953
2020-05,11357,134.65155009533714
2020-05,11358,119.65003397893307
2020-05,11359,81.87233333333333
2020-05,11360,174.12931496237275
2020-05,11361,98.8865545929593
2020-05,11362,164.48617479674797
2020-05,11363,187.63988816738816
2020-05,11364,161.97337031790997
2020-05,11365,94.06404310177078
2020-05,11366,91.07983622350675
2020-05,11367,91.05151911468813
2020-05,11368,62.3734275060043
2020-05,11369,101.60177281368821
2020-05,11370,86.90332849640684
2020-05,11372,59.087089411872654
2020-05,11373,64.55214700502972
2020-05,11374,84.62023897058823
2020-05,11375,106.50804618546731
2020-05,11377,76.29092079905122
2020-05,11378,125.65619147659064
2020-05,11379,92.06712276612276
2020-05,11385,80.53078288020714
2020-05,11411,105.57130619168787
2020-05,11412,153.25338938938938
2020-05,11413,119.07051740581784
2020-05,11414,174.03055359477122
2020-05,11415,119.16848978919631
2020-05,11416,70.73898806166572
2020-05,11417,126.54695083932853
2020-05,11418,151.27371408351027
2020-05,11419,74.61381296809274
2020-05,11420,125.23029434386463
2020-05,11421,139.26168743509865
2020-05,11422,155.89623038744796
2020-05,11423,131.55036958568738
2020-05,11426,181.60143560606062
2020-05,11427,182.82973489649345
2020-05,11428,207.26004789272028
2020-05,11429,78.6230407124682
2020-05,11430,115.82706597222223
2020-05,11432,124.74989051755338
2020-05,11433,85.15046158304355
2020-05,11434,113.71056069399106
2020-05,11435,120.69352099782584
2020-05,11436,168.87588141025643
2020-05,11691,203.38212268518518
2020-05,11692,273.00132250174704
2020-05,11693,78.03685960018595
2020-05,11694,86.10375939467805
2020-05,11695,166.39546296296297
2020-05,11697,172.57711419753088
2020-05,12345,0.6030555555555556
2020-06,83,1.1813888888888888
2020-06,10000,31.024321378340368
2020-06,10001,57.098146597554496
2020-06,10002,63.74872693077881
2020-06,10003,88.77805004200798
2020-06,10004,58.77011758691207
2020-06,10005,71.65234722222222
2020-06,10006,88.50903116531165
2020-06,10007,128.95089640950994
2020-06,10009,49.41825317460318
2020-06,10010,57.64316725455615
2020-06,10011,108.02948868312757
2020-06,10012,90.81479882154882
2020-06,10013,96.36833949563898
2020-06,10014,101.6546979633184
2020-06,10016,114.87066243437266
2020-06,10017,77.1332789640174
2020-06,10018,54.20669599217987
2020-06,10019,75.17165230696799
2020-06,10020,67.1908547008547
2020-06,10021,137.2942287037037
2020-06,10022,105.49695914436334
2020-06,10023,72.43564996159753
2020-06,10024,106.93251367299942
2020-06,10025,85.40647587511826
2020-06,10026,42.61253267243092
2020-06,10027,84.74163296246178
2020-06,10028,92.84441835481891
2020-06,10029,50.77686486486486
2020-06,10030,59.58944041359972
2020-06,10031,68.85828574102874
2020-06,10032,51.29759512364279
2020-06,10033,58.645518896585244
2020-06,10034,28.729749680415328
2020-06,10035,67.78704407109812
2020-06,10036,80.77061035525321
2020-06,10037,68.01868679224128
2020-06,10038,81.04691783100466
2020-06,10039,84.62838661286986
2020-06,10040,21.055827578077327
2020-06,10041,66.90194444444445
2020-06,10044,45.012832125603865
2020-06,10065,78.09218489583334
2020-06,10069,92.21061447811448
2020-06,10075,171.64447086352658
2020-06,10112,24.920277777777777
2020-06,10115,1072.963611111111
2020-06,10119,1.2499259259259259
2020-06,10120,119.85486111111112
2020-06,10121,2.7862777777777774
2020-06,10123,1.7075
2020-06,10128,94.54320995578377
2020-06,10153,184.8437037037037
2020-06,10154,359.9060185185185
2020-06,10155,1.6047222222222222
2020-06,10162,42.48506944444444
2020-06,10168,0.3711111111111111
2020-06,10169,7.8289850427350425
2020-06,10170,15.895833333333334
2020-06,10177,0.14722222222222223
2020-06,10178,4.500601851851852
2020-06,10179,0.3869444444444444
2020-06,10271,4.426527777777778
2020-06,10278,65.800625
2020-06,10279,0.17194444444444446
2020-06,10280,53.96735735735736
2020-06,10281,151.17916666666667
2020-06,10282,79.86848765432099
2020-06,10301,108.08904414438987
2020-06,10302,92.78340886939571
2020-06,10303,97.59514674272486
2020-06,10304,108.70184794460799
2020-06,10305,126.33268258426966
2020-06,10306,155.07659835600907
2020-06,10307,84.06593931623931
2020-06,10308,71.61273909985935
2020-06,10309,163.24181924315621
2020-06,10310,91.0684497816594
2020-06,10312,134.45673021488471
2020-06,10314,100.33626111111111
2020-06,10451,61.58350967364507
2020-06,10452,76.04161191397509
2020-06,10453,52.6480909899081
2020-06,10454,75.99377455048409
2020-06,10455,71.9855885361552
2020-06,10456,73.99372202117678
2020-06,10457,72.97626436202378
2020-06,10458,99.79708724697831
2020-06,10459,131.7383271098968
2020-06,10460,87.85306397633545
2020-06,10461,150.36826010993326
2020-06,10462,77.09355911330049
2020-06,10463,76.59694421860885
2020-06,10464,145.7373326055313
2020-06,10465,124.88272398657372
2020-06,10466,40.925050922979
2020-06,10467,111.9644666196521
2020-06,10468,66.24138498138187
2020-06,10469,116.73559903381641
2020-06,10470,99.78917168399927
2020-06,10471,101.61750970604548
2020-06,10472,76.62995191429093
2020-06,10473,70.43379409498651
2020-06,10474,88.43246841155235
2020-06,10475,117.44546554149086
2020-06,11001,223.06744117647057
2020-06,11004,199.73983389168063
2020-06,11005,84.31006944444445
2020-06,11040,118.8906146572104
2020-06,11101,54.10598981200045
2020-06,11102,86.21360484134772
2020-06,11103,105.37311102128805
2020-06,11104,128.56678833422797
2020-06,11105,94.58582834201388
2020-06,11106,93.92196472581638
2020-06,11109,8.884106861819326
2020-06,11201,97.08462618111594
2020-06,11203,91.3845107913669
2020-06,11204,124.50864640479848
2020-06,11205,109.48589444444444
2020-06,11206,66.78560944601954
2020-06,11207,110.28452055768958
2020-06,11208,100.9016476126429
2020-06,11209,93.86426493392663
2020-06,11210,147.14867074229974
2020-06,11211,81.52949623842592
2020-06,11212,84.06854622777264
2020-06,11213,102.69429404608559
2020-06,11214,99.13059864378046
2020-06,11215,118.28605055390211
2020-06,11216,109.15816757347842
2020-06,11217,96.01647077590607
2020-06,11218,102.06510246315364
2020-06,11219,84.02577815685284
2020-06,11220,82.98359129267357
2020-06,11221,80.70064834249543
2020-06,11222,91.99503529287821
2020-06,11223,116.39084556254367
2020-06,11224,82.97486700519889
2020-06,11225,69.01683784002263
2020-06,11226,68.53636124324105
2020-06,11228,79.86866465224767
2020-06,11229,117.50200071106165
2020-06,11230,129.19974967179854
2020-06,11231,133.1687076686258
2020-06,11232,88.2222101148471
2020-06,11233,89.39936786997968
2020-06,11234,122.37138016836425
2020-06,11235,109.54367056803996
2020-06,11236,101.72104677197126
2020-06,11237,82.79377062839328
2020-06,11238,86.46595691358026
2020-06,11239,95.65736783154122
2020-06,11241,73.03833333333333
2020-06,11242,190.50447916666667
2020-06,11249,58.96459583177103
2020-06,11354,190.6261741416445
2020-06,11355,138.0268208994709
2020-06,11356,187.86268807225935
2020-06,11357,140.72979289035732
2020-06,11358,142.34316839106313
2020-06,11359,20.792499999999997
2020-06,11360,194.69787037037037
2020-06,11361,171.0308080285254
2020-06,11362,246.59121677559912
2020-06,11363,281.40355791962173
2020-06,11364,165.86965173237752
2020-06,11365,95.71103269714455
2020-06,11366,39.996704211060376
2020-06,11367,105.84571243523317
2020-06,11368,62.09470939042871
2020-06,11369,99.90318689835209
2020-06,11370,114.65907115009746
2020-06,11371,271.2396527777778
2020-06,11372,94.32068651320643
2020-06,11373,171.3472266011728
2020-06,11374,88.59629023458811
2020-06,11375,130.55055818512145
2020-06,11377,84.50363888888889
2020-06,11378,105.90980771229603
2020-06,11379,128.05322315532587
2020-06,11385,92.13043441871939
2020-06,11411,93.96709259259259
2020-06,11412,150.68236417279002
2020-06,11413,152.25129108796298
2020-06,11414,96.69495531601254
2020-06,11415,148.99833077316947
2020-06,11416,124.30624308359504
2020-06,11417,137.86401732377539
2020-06,11418,135.8696368715084
2020-06,11419,107.90489531710121
2020-06,11420,111.96095949680047
2020-06,11421,73.32795574886535
2020-06,11422,125.84977806170737
2020-06,11423,140.1961102719033
2020-06,11426,195.98272478632478
2020-06,11427,271.4439656177156
2020-06,11428,192.5716185368537
2020-06,11429,116.19722364187014
2020-06,11430,175.21710905349795
2020-06,11432,122.39133917424648
2020-06,11433,128.8164048814093
2020-06,11434,140.004228933892
2020-06,11435,118.77418114503186
2020-06,11436,117.47744007803792
2020-06,11691,131.5630504756627
2020-06,11692,264.885098003848
2020-06,11693,112.23215092816788
2020-06,11694,62.19435576077396
2020-06,11695,25.787777777777777
2020-06,11697,138.00171006944444
2020-06,12345,143.56162037037038
2020-07,10000,48.55131313131313
2020-07,10001,51.66228278848025
2020-07,10002,76.40798883723599
2020-07,10003,119.57961224393469
2020-07,10004,108.57860425240054
2020-07,10005,89.34846859903381
2020-07,10006,96.10681769147787
2020-07,10007,102.20333575581395
2020-07,10009,90.46053701231271
2020-07,10010,145.8437628205128
2020-07,10011,123.26521343377276
2020-07,10012,170.17746259806606
2020-07,10013,91.07725528244934
2020-07,10014,163.77048996493772
2020-07,10016,114.09981309482858
2020-07,10017,109.3204690877648
2020-07,10018,100.35387493354598
2020-07,10019,103.36835499908776
2020-07,10020,138.25634259259257
2020-07,10021,188.64793845953685
2020-07,10022,119.64818292091218
2020-07,10023,108.58635929214454
2020-07,10024,79.86629608938549
2020-07,10025,103.03973799450753
2020-07,10026,69.84174444444444
2020-07,10027,94.11727659888005
2020-07,10028,159.1884454861111
2020-07,10029,89.68283975407805
2020-07,10030,123.38011454463582
2020-07,10031,73.43278961465353
2020-07,10032,40.53395824312231
2020-07,10033,55.56608441287088
2020-07,10034,40.86258806852455
2020-07,10035,116.45838288169779
2020-07,10036,116.24641757626644
2020-07,10037,97.08981826413142
2020-07,10038,82.9498869375574
2020-07,10039,120.40995803101437
2020-07,10040,42.94710355778722
2020-07,10041,19.02
2020-07,10044,260.7818686868687
2020-07,10065,128.74359427609429
2020-07,10069,62.991085858585855
2020-07,10075,205.08763010855685
2020-07,10103,94.315
2020-07,10105,69.4225
2020-07,10110,2.3223611111111113
2020-07,10111,499.62083333333334
2020-07,10112,410.40333333333336
2020-07,10115,389.7578703703704
2020-07,10118,30.953611111111112
2020-07,10119,3.4039619883040935
2020-07,10120,126.53079365079365
2020-07,10121,172.3541111111111
2020-07,10122,39.75777777777778
2020-07,10123,6.48125
2020-07,10128,111.54737950279045
2020-07,10151,0.2922222222222222
2020-07,10153,0.4421296296296296
2020-07,10154,22.558333333333334
2020-07,10162,40.291923076923084
2020-07,10165,63.98833333333334
2020-07,10167,2.4780555555555557
2020-07,10168,0.17324074074074072
2020-07,10169,25.35584422657952
2020-07,10170,78.24188271604937
2020-07,10172,143.8711111111111
2020-07,10173,9.09
2020-07,10175,2.0052777777777777
2020-07,10177,21.18027777777778
2020-07,10178,0.21291666666666667
2020-07,10271,3.305555555555556
2020-07,10278,7.146249999999999
2020-07,10279,7.58638888888889
2020-07,10280,39.867540650406504
2020-07,10281,52.13625
2020-07,10282,56.827842592592596
2020-07,10301,130.66864939719778
2020-07,10302,152.10077160493827
2020-07,10303,139.68381788739413
2020-07,10304,136.34197385049092
2020-07,10305,127.10645350386356
2020-07,10306,135.12342046400335
2020-07,10307,81.25516004924592
2020-07,10308,140.20062794612795
2020-07,10309,125.15903274580958
2020-07,10310,105.32504008746355
2020-07,10312,114.4269263888889
2020-07,10314,104.08275960170698
2020-07,10451,75.37951870450077
2020-07,10452,78.00289999487022
2020-07,10453,76.48615428710818
2020-07,10454,147.66992405519514
2020-07,10455,98.77124781849913
2020-07,10456,103.28845351552035
2020-07,10457,85.07964436996696
2020-07,10458,113.85882755474452
2020-07,10459,134.25505456349205
2020-07,10460,102.14395984867487
2020-07,10461,110.59596606547878
2020-07,10462,108.54603013292036
2020-07,10463,101.88070219360992
2020-07,10464,108.91378608923884
2020-07,10465,87.04193176380515
2020-07,10466,32.176388536405334
2020-07,10467,135.94252579490418
2020-07,10468,93.05883985679516
2020-07,10469,118.80225732392228
2020-07,10470,120.87878325508606
2020-07,10471,109.05230053547524
2020-07,10472,69.6986821279905
2020-07,10473,81.07018826749518
2020-07,10474,150.55706848357792
2020-07,10475,143.33438829787235
2020-07,11001,172.05696350762528
2020-07,11004,246.5068128109453
2020-07,11005,201.98875
2020-07,11040,155.98450163398695
2020-07,11101,76.52600277777778
2020-07,11102,137.13936014518205
2020-07,11103,125.59675664451827
2020-07,11104,114.5772890946502
2020-07,11105,124.29785414920369
2020-07,11106,104.61306408898305
2020-07,11109,2.3891636308439588
2020-07,11201,82.04775142935868
2020-07,11203,110.93773241487455
2020-07,11204,173.13166802262512
2020-07,11205,124.95484293873314
2020-07,11206,99.60145067998421
2020-07,11207,104.60434945059167
2020-07,11208,78.69423889259754
2020-07,11209,147.3824051450139
2020-07,11210,180.4643828573505
2020-07,11211,109.90141378046546
2020-07,11212,131.5188905357927
2020-07,11213,94.94799268018019
2020-07,11214,125.94358336845063
2020-07,11215,153.95730387992072
2020-07,11216,127.50846766075247
2020-07,11217,124.80719456900847
2020-07,11218,127.99367119851097
2020-07,11219,120.49786934244236
2020-07,11220,119.72714659197013
2020-07,11221,102.99070621468927
2020-07,11222,114.86400943396227
2020-07,11223,159.52190331425845
2020-07,11224,94.14452042079209
2020-07,11225,114.90330468793037
2020-07,11226,108.70850434027778
2020-07,11228,126.5848918093721
2020-07,11229,171.06826857330702
2020-07,11230,210.18159258183226
2020-07,11231,106.75746057939126
2020-07,11232,109.74825837012509
2020-07,11233,135.51281278763972
2020-07,11234,164.95893656803628
2020-07,11235,162.34806855184235
2020-07,11236,95.20868404446387
2020-07,11237,84.22717962019745
2020-07,11238,99.7680723210504
2020-07,11239,166.75147595356552
2020-07,11241,23.528055555555557
2020-07,11249,77.8209829059829
2020-07,11354,157.44939285226187
2020-07,11355,141.52608562948026
2020-07,11356,125.88159575249854
2020-07,11357,103.89917109747785
2020-07,11358,169.491631509813
2020-07,11359,0.5858333333333333
2020-07,11360,123.39480031236056
2020-07,11361,208.889408270811
2020-07,11362,223.54932692307693
2020-07,11363,205.39655513468014
2020-07,11364,158.28349280711717
2020-07,11365,93.6563088632807
2020-07,11366,39.1212125
2020-07,11367,160.28106903727831
2020-07,11368,92.25941402116402
2020-07,11369,122.6666847041847
2020-07,11370,84.13302670761213
2020-07,11372,132.00803988382793
2020-07,11373,105.6229402481888
2020-07,11374,105.27053394625177
2020-07,11375,146.12245441595442
2020-07,11377,94.20155791766366
2020-07,11378,116.93127492877494
2020-07,11379,113.68918615404941
2020-07,11385,89.81808152436084
2020-07,11411,113.13353727144867
2020-07,11412,137.01134804804803
2020-07,11413,112.14271100164204
2020-07,11414,96.62386453823954
2020-07,11415,196.55721383014435
2020-07,11416,77.3573198983297
2020-07,11417,96.78960643564356
2020-07,11418,104.6758258095582
2020-07,11419,109.26407509908432
2020-07,11420,95.72048152893444
2020-07,11421,87.20681047435072
2020-07,11422,116.43154615734424
2020-07,11423,116.52550170068027
2020-07,11426,150.84766335978836
2020-07,11427,188.97426293356847
2020-07,11428,119.18029577147998
2020-07,11429,118.36277824779093
2020-07,11430,204.12622895622894
2020-07,11432,109.88897330760572
2020-07,11433,127.27759328358209
2020-07,11434,138.09175023930493
2020-07,11435,116.50453703703703
2020-07,11436,138.42976568100357
2020-07,11691,153.76273660714287
2020-07,11692,212.27304106827916
2020-07,11693,74.02407458004453
2020-07,11694,77.60787897030157
2020-07,11695,3.3669907407407407
2020-07,11697,86.14768696581197
2020-07,12345,144.79296296296295
2020-08,10000,69.23837962962963
2020-08,10001,51.616118018018014
2020-08,10002,56.730512994232505
2020-08,10003,81.9539739229025
2020-08,10004,86.357578125
2020-08,10005,59.52174516908212
2020-08,10006,66.02162326388888
2020-08,10007,79.061336996337
2020-08,10009,54.80193824180245
2020-08,10010,61.69019186712485
2020-08,10011,67.1528984318016
2020-08,10012,82.81275603864734
2020-08,10013,67.9757645964742
2020-08,10014,68.99178036663868
2020-08,10016,138.18625621148877
2020-08,10017,94.50832121551082
2020-08,10018,51.073951023391814
2020-08,10019,47.52633497239476
2020-08,10020,17.7259126984127
2020-08,10021,90.05327485380118
2020-08,10022,91.74999540863176
2020-08,10023,60.288467066957786
2020-08,10024,66.46897646037581
2020-08,10025,67.99107680389552
2020-08,10026,48.15304692556634
2020-08,10027,67.10123072970195
2020-08,10028,68.46108467287084
2020-08,10029,51.513443465491925
2020-08,10030,74.76183070866142
2020-08,10031,60.989908032329296
2020-08,10032,35.38494955798232
2020-08,10033,41.648908528314685
2020-08,10034,20.598781463502338
2020-08,10035,65.52742321047009
2020-08,10036,55.390816428461655
2020-08,10037,75.18212606837606
2020-08,10038,85.41410724896019
2020-08,10039,65.3063303349174
2020-08,10040,32.61309249348154
2020-08,10041,25.04652777777778
2020-08,10044,63.91716475095785
2020-08,10045,898.1130555555555
2020-08,10048,0.2086111111111111
2020-08,10065,85.10333847736626
2020-08,10069,24.07371212121212
2020-08,10075,135.15736692015207
2020-08,10103,0.5601388888888889
2020-08,10105,0.7172222222222222
2020-08,10107,2.859583333333333
2020-08,10112,24.799166666666668
2020-08,10115,228.9449074074074
2020-08,10118,34.76833333333333
2020-08,10119,4.076319444444445
2020-08,10120,0.8833796296296296
2020-08,10121,291.2886666666667
2020-08,10123,0.19
2020-08,10128,102.48928809672712
2020-08,10151,0.24481481481481482
2020-08,10153,0.19111111111111112
2020-08,10154,33.17157407407408
2020-08,10155,0.6133333333333333
2020-08,10158,0.07111111111111111
2020-08,10162,27.00787037037037
2020-08,10165,15.597962962962965
2020-08,10169,4.150428802588997
2020-08,10170,118.50037037037038
2020-08,10173,0.6055555555555555
2020-08,10178,37.27694444444444
2020-08,10278,12.851064814814814
2020-08,10279,34.234722222222224
2020-08,10280,38.561201814058954
2020-08,10281,43.484365079365084
2020-08,10282,271.72863247863245
2020-08,10301,79.83710515506264
2020-08,10302,90.4724533929903
2020-08,10303,66.47507051282051
2020-08,10304,108.34382059971247
2020-08,10305,111.02554171988079
2020-08,10306,119.60679105133613
2020-08,10307,125.52547467320262
2020-08,10308,123.9504694493092
2020-08,10309,131.38102871645114
2020-08,10310,86.05141951006124
2020-08,10312,137.58791918896048
2020-08,10314,104.99242058559491
2020-08,10451,63.41756856053619
2020-08,10452,51.00401800725599
2020-08,10453,50.345358940397354
2020-08,10454,57.785188111361926
2020-08,10455,72.2160151192693
2020-08,10456,90.55966967602389
2020-08,10457,36.02574064523523
2020-08,10458,70.7894911408816
2020-08,10459,84.54150633042757
2020-08,10460,70.98660303207281
2020-08,10461,102.78421528297181
2020-08,10462,84.15592380672926
2020-08,10463,50.69222313596491
2020-08,10464,85.05540692906929
2020-08,10465,83.40533266799733
2020-08,10466,15.882468163930394
2020-08,10467,88.51244208766417
2020-08,10468,48.49287176157794
2020-08,10469,89.70022267600156
2020-08,10470,89.39591571350762
2020-08,10471,75.29648165422886
2020-08,10472,52.69265888839659
2020-08,10473,53.63864982516235
2020-08,10474,85.52724796747968
2020-08,10475,77.41387551148883
2020-08,11001,175.9135707070707
2020-08,11004,190.1385821404226
2020-08,11005,197.4975
2020-08,11040,146.49032510288063
2020-08,11101,65.42292237683604
2020-08,11102,91.93604487838302
2020-08,11103,130.36486994829588
2020-08,11104,132.5532653712826
2020-08,11105,118.82682228751769
2020-08,11106,113.9667294479981
2020-08,11109,13.716805555555554
2020-08,11201,70.64568945672191
2020-08,11203,97.55898321524967
2020-08,11204,98.31743278688523
2020-08,11205,108.20182195001237
2020-08,11206,68.73284902207824
2020-08,11207,79.36163322477852
2020-08,11208,71.13715967323809
2020-08,11209,124.57400629844962
2020-08,11210,135.37953232194639
2020-08,11211,72.63573827686122
2020-08,11212,93.88187158469945
2020-08,11213,84.67667766482373
2020-08,11214,109.37419165023012
2020-08,11215,100.89017717828693
2020-08,11216,86.96720860089512
2020-08,11217,86.6679561316052
2020-08,11218,108.42628566576086
2020-08,11219,109.36206483042909
2020-08,11220,79.62140963254102
2020-08,11221,71.02260289961912
2020-08,11222,65.15613792629263
2020-08,11223,128.65083971088436
2020-08,11224,61.72274017802333
2020-08,11225,80.22055451851853
2020-08,11226,96.35938215792646
2020-08,11228,151.48574450231482
2020-08,11229,129.9880935519338
2020-08,11230,142.1130460946709
2020-08,11231,102.15185659722223
2020-08,11232,84.21100199733688
2020-08,11233,89.94477939415708
2020-08,11234,151.1333222461944
2020-08,11235,111.32776729559748
2020-08,11236,115.5680947701083
2020-08,11237,54.67328030166456
2020-08,11238,83.21665533246978
2020-08,11239,104.76419809717976
2020-08,11241,47.719166666666666
2020-08,11249,53.59509539015803
2020-08,11354,145.72707102001908
2020-08,11355,129.91682952564457
2020-08,11356,175.67028058361393
2020-08,11357,171.01669489445263
2020-08,11358,166.94932095936448
2020-08,11359,51.82675925925926
2020-08,11360,146.356644167532
2020-08,11361,172.3805701754386
2020-08,11362,204.40112535612533
2020-08,11363,245.26717331768387
2020-08,11364,181.35787388098998
2020-08,11365,137.41230260047283
2020-08,11366,65.14922407757474
2020-08,11367,181.85853236310473
2020-08,11368,62.95356550228633
2020-08,11369,88.63778564453125
2020-08,11370,109.5173491220304
2020-08,11371,237.35569444444445
2020-08,11372,88.91943269908387
2020-08,11373,99.52227884434407
2020-08,11374,124.26902019002375
2020-08,11375,138.76268119248613
2020-08,11377,84.40845433926525
2020-08,11378,135.585954485105
2020-08,11379,145.65245929734363
2020-08,11385,90.87826479294917
2020-08,11411,168.20075137338293
2020-08,11412,146.0307793678327
2020-08,11413,122.26700246415771
2020-08,11414,121.14635878010878
2020-08,11415,143.10851793981482
2020-08,11416,110.84646016452558
2020-08,11417,89.87563651922063
2020-08,11418,121.61588753871814
2020-08,11419,86.30366524943311
2020-08,11420,103.43430000555
2020-08,11421,89.68598618090452
2020-08,11422,139.9730724206349
2020-08,11423,117.74389733593242
2020-08,11426,205.2193745339299
2020-08,11427,165.63886304909562
2020-08,11428,209.33444161478965
2020-08,11429,134.10259646675965
2020-08,11430,353.66665343915344
2020-08,11432,130.55397796934867
2020-08,11433,101.36092800665834
2020-08,11434,133.54352026255708
2020-08,11435,103.182440807541
2020-08,11436,105.2513586888134
2020-08,11691,144.9159330877839
2020-08,11692,141.56872802887634
2020-08,11693,51.3939940290758
2020-08,11694,73.82751390671801
2020-08,11695,23.046944444444446
2020-08,11697,113.48105072463768
2020-08,12345,0.6279861111111111
2020-09,10000,28.875324074074072
2020-09,10001,19.33101053057918
2020-09,10002,23.893969630096677
2020-09,10003,31.805659627266284
2020-09,10004,40.07014351851852
2020-09,10005,20.728479797979798
2020-09,10006,36.113138888888884
2020-09,10007,36.56112074502248
2020-09,10009,21.641427367941713
2020-09,10010,32.08655826558265
2020-09,10011,32.12422721928277
2020-09,10012,31.00823482428115
2020-09,10013,31.553557137539553
2020-09,10014,34.75912983858329
2020-09,10016,64.78622131497492
2020-09,10017,24.123442085953876
2020-09,10018,13.000488748241912
2020-09,10019,19.04541877609024
2020-09,10020,11.679242424242425
2020-09,10021,49.19188907657657
2020-09,10022,32.323678291062805
2020-09,10023,21.675825574177527
2020-09,10024,28.861552657480317
2020-09,10025,25.960639771332108
2020-09,10026,11.5773681640625
2020-09,10027,24.2145071948328
2020-09,10028,22.92008016987346
2020-09,10029,19.892632897603484
2020-09,10030,33.16969980069756
2020-09,10031,17.624608950369776
2020-09,10032,18.170255436747766
2020-09,10033,16.001407154224538
2020-09,10034,6.848505129286116
2020-09,10035,29.675446332254584
2020-09,10036,24.812165596575706
2020-09,10037,11.800458292120013
2020-09,10038,31.57710760016522
2020-09,10039,17.227884441429218
2020-09,10040,13.376780209502432
2020-09,10041,11.008
2020-09,10044,95.79587962962962
2020-09,10045,11.294027777777778
2020-09,10048,7.65
2020-09,10055,230.31333333333333
2020-09,10065,32.37248677248677
2020-09,10069,10.979603174603174
2020-09,10075,41.12635990338164
2020-09,10103,2.7198611111111113
2020-09,10105,4.6752777777777785
2020-09,10112,219.13722222222225
2020-09,10119,7.605194444444443
2020-09,10121,23.81719696969697
2020-09,10123,0.6615277777777777
2020-09,10128,38.1295546932742
2020-09,10151,2.2670833333333333
2020-09,10152,11.367777777777778
2020-09,10154,0.5769444444444445
2020-09,10162,0.15555555555555556
2020-09,10168,4.25111111111111
2020-09,10169,4.600608747044918
2020-09,10170,0.12576388888888887
2020-09,10171,22.296944444444446
2020-09,10173,8.531666666666666
2020-09,10174,83.24277777777777
2020-09,10177,4.6075
2020-09,10178,0.2927777777777778
2020-09,10278,5.85
2020-09,10279,205.4613888888889
2020-09,10280,17.883849206349208
2020-09,10281,0.5485416666666667
2020-09,10282,33.25804597701149
2020-09,10301,35.13209396071533
2020-09,10302,24.630444718117133
2020-09,10303,25.162140658664207
2020-09,10304,35.77126556866601
2020-09,10305,27.266785430331943
2020-09,10306,39.09456479956068
2020-09,10307,39.34399966931217
2020-09,10308,42.14134411276949
2020-09,10309,41.7087279040404
2020-09,10310,32.976468599033815
2020-09,10312,47.938671834625325
2020-09,10314,32.90366746818956
2020-09,10451,21.64017324971088
2020-09,10452,23.816831487547446
2020-09,10453,20.446875405742823
2020-09,10454,27.879510167029775
2020-09,10455,21.517746499081724
2020-09,10456,27.106967546754674
2020-09,10457,26.80734730884731
2020-09,10458,27.718700650622196
2020-09,10459,28.386049798745674
2020-09,10460,24.548574582300997
2020-09,10461,32.613372011251755
2020-09,10462,36.44035026149188
2020-09,10463,22.418891312453393
2020-09,10464,38.5634477124183
2020-09,10465,21.660532924514527
2020-09,10466,8.845449407592328
2020-09,10467,29.644084848484848
2020-09,10468,21.233797867711054
2020-09,10469,29.437172100875802
2020-09,10470,33.57347393689986
2020-09,10471,31.236777597402597
2020-09,10472,21.704645355191257
2020-09,10473,22.329247092776505
2020-09,10474,42.995719351570415
2020-09,10475,28.221565588499555
2020-09,11001,40.896559829059825
2020-09,11004,38.20264814814815
2020-09,11005,0.5223333333333333
2020-09,11040,27.448080065359477
2020-09,11101,22.311199026571956
2020-09,11102,18.872848015873014
2020-09,11103,32.210560344827584
2020-09,11104,30.653092119624535
2020-09,11105,27.988865855335533
2020-09,11106,28.689765387689846
2020-09,11109,5.63846600331675
2020-09,11201,28.723428585677237
2020-09,11203,28.74246327200114
2020-09,11204,35.15265912665371
2020-09,11205,30.687085189309574
2020-09,11206,27.560051520794538
2020-09,11207,25.56143939393939
2020-09,11208,22.01707507809014
2020-09,11209,37.30894067392134
2020-09,11210,34.14175784157363
2020-09,11211,24.989077555420796
2020-09,11212,34.348862959956705
2020-09,11213,32.11339660936007
2020-09,11214,30.01859446606139
2020-09,11215,25.616138821303053
2020-09,11216,27.133480667603187
2020-09,11217,28.12152777777778
2020-09,11218,30.88832936841123
2020-09,11219,28.36180607867755
2020-09,11220,25.278183262269042
2020-09,11221,22.67482328605201
2020-09,11222,26.28523759920635
2020-09,11223,26.43648108544815
2020-09,11224,31.198689572260186
2020-09,11225,26.692920282708744
2020-09,11226,33.879526775182825
2020-09,11228,26.48342200854701
2020-09,11229,36.81061206622095
2020-09,11230,43.26007244444445
2020-09,11231,40.63043103448276
2020-09,11232,24.049265007457123
2020-09,11233,31.85028228970496
2020-09,11234,27.62616783779827
2020-09,11235,33.130710737179484
2020-09,11236,23.680865365365364
2020-09,11237,26.596614987080102
2020-09,11238,29.26366353296193
2020-09,11239,37.29607877718989
2020-09,11249,16.92981470148239
2020-09,11251,120.85583333333334
2020-09,11354,39.19228200287667
2020-09,11355,28.44425868486352
2020-09,11356,47.648454010882915
2020-09,11357,35.24806416881999
2020-09,11358,43.51620192307693
2020-09,11359,15.499722222222221
2020-09,11360,42.55849950396826
2020-09,11361,43.34654086457278
2020-09,11362,57.00765151515152
2020-09,11363,67.3642017879949
2020-09,11364,41.19889163011696
2020-09,11365,22.03845608222902
2020-09,11366,12.582318588025021
2020-09,11367,47.312777201475335
2020-09,11368,10.888176865271069
2020-09,11369,20.29790252595692
2020-09,11370,16.362451867316167
2020-09,11372,17.821217303822937
2020-09,11373,17.7040871152843
2020-09,11374,40.343884424603175
2020-09,11375,30.785940520868873
2020-09,11377,20.48015133347867
2020-09,11378,22.134249882794187
2020-09,11379,29.24499825571254
2020-09,11385,25.0724957505815
2020-09,11411,38.487038162782845
2020-09,11412,40.08222222222222
2020-09,11413,39.701092214663646
2020-09,11414,29.704160021265285
2020-09,11415,34.10914407630522
2020-09,11416,18.66868025406014
2020-09,11417,15.991520136641496
2020-09,11418,25.723993993993997
2020-09,11419,12.053459058302808
2020-09,11420,18.556473803071366
2020-09,11421,13.332391795865632
2020-09,11422,28.906820806100217
2020-09,11423,28.754543650793654
2020-09,11426,40.356028645833334
2020-09,11427,50.43263997395833
2020-09,11428,34.32381823461092
2020-09,11429,20.805847886610987
2020-09,11430,96.46407407407406
2020-09,11432,25.713342973110095
2020-09,11433,27.391345504309342
2020-09,11434,43.68504922967044
2020-09,11435,23.802959623557985
2020-09,11436,22.63690058479532
2020-09,11691,29.59841565416447
2020-09,11692,51.75677777777778
2020-09,11693,16.35006258234519
2020-09,11694,20.474795166519304
2020-09,11695,16.37472222222222
2020-09,11697,29.30498148148148
2020-09,12345,1.027388888888889
